category,ticker,name
水泥工業,1101.TW,台泥
水泥工業,1102.TW,亞泥
水泥工業,1103.TW,嘉泥
水泥工業,1104.TW,環泥
水泥工業,1108.TW,幸福
水泥工業,1109.TW,信大
水泥工業,1110.TW,東泥
食品工業,1201.TW,味全
食品工業,1203.TW,味王
食品工業,1210.TW,大成
食品工業,1213.TW,大飲
食品工業,1215.TW,卜蜂
食品工業,1216.TW,統一
食品工業,1217.TW,愛之味
食品工業,1218.TW,泰山
食品工業,1219.TW,福壽
食品工業,1220.TW,台榮
食品工業,1225.TW,福懋油
食品工業,1227.TW,佳格
食品工業,1229.TW,聯華
食品工業,1231.TW,聯華食
食品工業,1232.TW,大統益
食品工業,1233.TW,天仁
食品工業,1234.TW,黑松
食品工業,1235.TW,興泰
食品工業,1236.TW,宏亞
食品工業,1256.TW,鮮活果汁-KY
塑膠工業,1301.TW,台塑
塑膠工業,1303.TW,南亞
塑膠工業,1304.TW,台聚
塑膠工業,1305.TW,華夏
塑膠工業,1307.TW,三芳
塑膠工業,1308.TW,亞聚
塑膠工業,1309.TW,台達化
塑膠工業,1310.TW,台苯
塑膠工業,1312.TW,國喬
塑膠工業,1313.TW,聯成
塑膠工業,1314.TW,中石化
塑膠工業,1315.TW,達新
建材營造,1316.TW,上曜
汽車工業,1319.TW,東陽
塑膠工業,1321.TW,大洋
塑膠工業,1323.TW,永裕
塑膠工業,1324.TW,地球
塑膠工業,1325.TW,恆大
塑膠工業,1326.TW,台化
塑膠工業,1337.TW,再生-KY
汽車工業,1338.TW,廣華-KY
汽車工業,1339.TW,昭輝
塑膠工業,1340.TW,勝悅-KY
塑膠工業,1341.TW,富林-KY
其他類,1342.TW,八貫
紡織纖維,1402.TW,遠東新
紡織纖維,1409.TW,新纖
紡織纖維,1410.TW,南染
紡織纖維,1413.TW,宏洲
紡織纖維,1414.TW,東和
其他類,1416.TW,廣豐
紡織纖維,1417.TW,嘉裕
紡織纖維,1418.TW,東華
紡織纖維,1419.TW,新紡
紡織纖維,1423.TW,利華
未分類 (37),1432.TW,大魯閣
紡織纖維,1434.TW,福懋
其他類,1435.TW,中福
建材營造,1436.TW,華友聯
其他類,1437.TW,勤益控
建材營造,1438.TW,三地開發
建材營造,1439.TW,雋揚
紡織纖維,1440.TW,南紡
紡織纖維,1441.TW,大東
建材營造,1442.TW,名軒
其他類,1443.TW,立益物流
紡織纖維,1444.TW,力麗
紡織纖維,1445.TW,大宇
紡織纖維,1446.TW,宏和
紡織纖維,1447.TW,力鵬
紡織纖維,1449.TW,佳和
紡織纖維,1451.TW,年興
紡織纖維,1452.TW,宏益
建材營造,1453.TW,大將
紡織纖維,1454.TW,台富
紡織纖維,1455.TW,集盛
建材營造,1456.TW,怡華
紡織纖維,1457.TW,宜進
紡織纖維,1459.TW,聯發
紡織纖維,1460.TW,宏遠
紡織纖維,1463.TW,強盛新
紡織纖維,1464.TW,得力
紡織纖維,1465.TW,偉全
紡織纖維,1466.TW,聚隆
紡織纖維,1467.TW,南緯
紡織纖維,1468.TW,昶和
紡織纖維,1470.TW,大統新創
電子零組件,1471.TW,首利
建材營造,1472.TW,三洋實業
紡織纖維,1473.TW,台南
紡織纖維,1474.TW,弘裕
紡織纖維,1475.TW,業旺
紡織纖維,1476.TW,儒鴻
紡織纖維,1477.TW,聚陽
電機機械,1503.TW,士電
電機機械,1504.TW,東元
電機機械,1506.TW,正道
汽車工業,1512.TW,瑞利
電機機械,1513.TW,中興電
電機機械,1514.TW,亞力
電機機械,1515.TW,力山
其他類,1516.TW,川飛
電機機械,1517.TW,利奇
電機機械,1519.TW,華城
汽車工業,1521.TW,大億
汽車工業,1522.TW,堤維西
汽車工業,1524.TW,耿鼎
汽車工業,1525.TW,江申
電機機械,1526.TW,日馳
電機機械,1527.TW,鑽全
電機機械,1528.TW,恩德
電機機械,1529.TW,樂事綠能
電機機械,1530.TW,亞崴
電機機械,1531.TW,高林股
電機機械,1532.TW,勤美
汽車工業,1533.TW,車王電
電機機械,1535.TW,中宇
汽車工業,1536.TW,和大
電機機械,1537.TW,廣隆
電機機械,1538.TW,正峰
電機機械,1539.TW,巨庭
電機機械,1540.TW,喬福
電機機械,1541.TW,錩泰
電機機械,1558.TW,伸興
電機機械,1560.TW,中砂
汽車工業,1563.TW,巧新
汽車工業,1568.TW,倉佑
電子零組件,1582.TW,信錦
電機機械,1583.TW,程泰
汽車工業,1587.TW,吉茂
電機機械,1589.TW,永冠-KY
電機機械,1590.TW,亞德客-KY
電機機械,1597.TW,直得
未分類 (37),1598.TW,岱宇
電器電纜,1603.TW,華電
電器電纜,1604.TW,聲寶
電器電纜,1605.TW,華新
電器電纜,1608.TW,華榮
電器電纜,1609.TW,大亞
電器電纜,1611.TW,中電
電器電纜,1612.TW,宏泰
電器電纜,1614.TW,三洋電
電器電纜,1615.TW,大山
電器電纜,1616.TW,億泰
電器電纜,1617.TW,榮星
電器電纜,1618.TW,合機
電器電纜,1623.TW,大東電
電器電纜,1626.TW,艾美特-KY
食品工業,1702.TW,南僑
生技醫療,1707.TW,葡萄王
化學工業,1708.TW,東鹼
化學工業,1709.TW,和益
化學工業,1710.TW,東聯
化學工業,1711.TW,永光
化學工業,1712.TW,興農
化學工業,1713.TW,國化
化學工業,1714.TW,和桐
化學工業,1717.TW,長興
化學工業,1718.TW,中纖
生技醫療,1720.TW,生達
化學工業,1721.TW,三晃
化學工業,1722.TW,台肥
化學工業,1723.TW,中碳
化學工業,1725.TW,元禎
化學工業,1726.TW,永記
化學工業,1727.TW,中華化
化學工業,1730.TW,花仙子
生技醫療,1731.TW,美吾華
化學工業,1732.TW,毛寶
生技醫療,1733.TW,五鼎
生技醫療,1734.TW,杏輝
化學工業,1735.TW,日勝化
未分類 (37),1736.TW,喬山
食品工業,1737.TW,臺鹽
生技醫療,1752.TW,南光
生技醫療,1760.TW,寶齡富錦
生技醫療,1762.TW,中化生
化學工業,1773.TW,勝一
化學工業,1776.TW,展宇
生技醫療,1783.TW,和康生
生技醫療,1786.TW,科妍
生技醫療,1789.TW,神隆
生技醫療,1795.TW,美時
玻璃陶瓷,1802.TW,台玻
建材營造,1805.TW,寶徠
玻璃陶瓷,1806.TW,冠軍
建材營造,1808.TW,潤隆
玻璃陶瓷,1809.TW,中釉
玻璃陶瓷,1810.TW,和成
玻璃陶瓷,1817.TW,凱撒衛
造紙工業,1903.TW,士紙
造紙工業,1904.TW,正隆
造紙工業,1905.TW,華紙
造紙工業,1906.TW,寶隆
造紙工業,1907.TW,永豐餘
造紙工業,1909.TW,榮成
鋼鐵工業,2002.TW,中鋼
鋼鐵工業,2006.TW,東和鋼鐵
鋼鐵工業,2007.TW,燁興
鋼鐵工業,2008.TW,高興昌
鋼鐵工業,2009.TW,第一銅
鋼鐵工業,2010.TW,春源
鋼鐵工業,2012.TW,春雨
鋼鐵工業,2013.TW,中鋼構
鋼鐵工業,2014.TW,中鴻
鋼鐵工業,2015.TW,豐興
鋼鐵工業,2017.TW,官田鋼
鋼鐵工業,2020.TW,美亞
鋼鐵工業,2022.TW,聚亨
鋼鐵工業,2023.TW,燁輝
鋼鐵工業,2024.TW,志聯
鋼鐵工業,2025.TW,千興
鋼鐵工業,2027.TW,大成鋼
鋼鐵工業,2028.TW,威致
鋼鐵工業,2029.TW,盛餘
鋼鐵工業,2030.TW,彰源
鋼鐵工業,2031.TW,新光鋼
鋼鐵工業,2032.TW,新鋼
鋼鐵工業,2033.TW,佳大
鋼鐵工業,2034.TW,允強
鋼鐵工業,2038.TW,海光
電機機械,2049.TW,上銀
電子零組件,2059.TW,川湖
未分類 (38),2062.TW,橋椿
鋼鐵工業,2069.TW,運錩
未分類 (35),2072.TW,世紀風電
橡膠工業,2101.TW,南港
橡膠工業,2102.TW,泰豐
橡膠工業,2103.TW,台橡
橡膠工業,2104.TW,國際中橡
橡膠工業,2105.TW,正新
橡膠工業,2106.TW,建大
橡膠工業,2107.TW,厚生
橡膠工業,2108.TW,南帝
橡膠工業,2109.TW,華豐
橡膠工業,2114.TW,鑫永銓
汽車工業,2115.TW,六暉-KY
汽車工業,2201.TW,裕隆
汽車工業,2204.TW,中華
汽車工業,2206.TW,三陽工業
汽車工業,2207.TW,和泰車
航運業,2208.TW,台船
鋼鐵工業,2211.TW,長榮鋼
汽車工業,2227.TW,裕日車
汽車工業,2228.TW,劍麟
汽車工業,2231.TW,為升
汽車工業,2233.TW,宇隆
汽車工業,2236.TW,百達-KY
汽車工業,2239.TW,英利-KY
汽車工業,2241.TW,艾姆勒
汽車工業,2243.TW,宏旭-KY
汽車工業,2247.TW,汎德永業
汽車工業,2248.TW,華勝-KY
汽車工業,2250.TW,IKKA-KY
汽車工業,2254.TW,巨鎧精密-創
汽車工業,2258.TW,鴻華先進-創
電腦及週邊,2301.TW,光寶科
半導體業,2302.TW,麗正
半導體業,2303.TW,聯電
電腦及週邊,2305.TW,全友
電子零組件,2308.TW,台達電
其他電子,2312.TW,金寶
電子零組件,2313.TW,華通
通信網路,2314.TW,台揚
電子零組件,2316.TW,楠梓電
其他電子,2317.TW,鴻海
通信網路,2321.TW,東訊
光電業,2323.TW,中環
電腦及週邊,2324.TW,仁寶
電子零組件,2327.TW,國巨*
電子零組件,2328.TW,廣宇
半導體業,2329.TW,華泰
半導體業,2330.TW,台積電
電腦及週邊,2331.TW,精英
通信網路,2332.TW,友訊
半導體業,2337.TW,旺宏
半導體業,2338.TW,光罩
半導體業,2340.TW,台亞
半導體業,2342.TW,茂矽
半導體業,2344.TW,華邦電
通信網路,2345.TW,智邦
電子通路,2347.TW,聯強
其他類,2348.TW,海悅
光電業,2349.TW,錸德
半導體業,2351.TW,順德
電腦及週邊,2352.TW,佳世達
電腦及週邊,2353.TW,宏碁
其他電子,2354.TW,鴻準
電子零組件,2355.TW,敬鵬
電腦及週邊,2356.TW,英業達
電腦及週邊,2357.TW,華碩
其他電子,2359.TW,所羅門
其他電子,2360.TW,致茂
電腦及週邊,2362.TW,藍天
半導體業,2363.TW,矽統
電腦及週邊,2364.TW,倫飛
電腦及週邊,2365.TW,昆盈
電子零組件,2367.TW,燿華
電子零組件,2368.TW,金像電
半導體業,2369.TW,菱生
電機機械,2371.TW,大同
其他電子,2373.TW,震旦行
光電業,2374.TW,佳能
電子零組件,2375.TW,凱美
電腦及週邊,2376.TW,技嘉
電腦及週邊,2377.TW,微星
半導體業,2379.TW,瑞昱
電腦及週邊,2380.TW,虹光
電腦及週邊,2382.TW,廣達
電子零組件,2383.TW,台光電
電子零組件,2385.TW,群光
電腦及週邊,2387.TW,精元
半導體業,2388.TW,威盛
其他電子,2390.TW,云辰
電子零組件,2392.TW,正崴
光電業,2393.TW,億光
電腦及週邊,2395.TW,研華
電腦及週邊,2397.TW,友通
電腦及週邊,2399.TW,映泰
半導體業,2401.TW,凌陽
電子零組件,2402.TW,毅嘉
其他電子,2404.TW,漢唐
電腦及週邊,2405.TW,輔信
光電業,2406.TW,國碩
半導體業,2408.TW,南亞科
光電業,2409.TW,友達
通信網路,2412.TW,中華電
電子零組件,2413.TW,環科
電子通路,2414.TW,精技
電子零組件,2415.TW,錩新
電腦及週邊,2417.TW,圓剛
通信網路,2419.TW,仲琦
電子零組件,2420.TW,新巨
電子零組件,2421.TW,建準
其他電子,2423.TW,固緯
通信網路,2424.TW,隴華
電腦及週邊,2425.TW,承啟
光電業,2426.TW,鼎元
資訊服務,2427.TW,三商電
電子零組件,2428.TW,興勤
光電業,2429.TW,銘旺科
電子通路,2430.TW,燦坤
電子零組件,2431.TW,聯昌
電腦及週邊,2432.TW,倚天酷碁-創
其他電子,2433.TW,互盛電
半導體業,2434.TW,統懋
半導體業,2436.TW,偉詮電
光電業,2438.TW,翔耀
通信網路,2439.TW,美律
電子零組件,2440.TW,太空梭
半導體業,2441.TW,超豐
建材營造,2442.TW,新美齊
通信網路,2444.TW,兆勁
半導體業,2449.TW,京元電子
通信網路,2450.TW,神腦
半導體業,2451.TW,創見
資訊服務,2453.TW,凌群
半導體業,2454.TW,聯發科
通信網路,2455.TW,全新
電子零組件,2457.TW,飛宏
半導體業,2458.TW,義隆
其他電子,2459.TW,敦吉
電子零組件,2460.TW,建通
其他電子,2461.TW,光群雷
電子零組件,2462.TW,良得電
其他電子,2464.TW,盟立
電腦及週邊,2465.TW,麗臺
光電業,2466.TW,冠西電
電子零組件,2467.TW,志聖
資訊服務,2468.TW,華經
資訊服務,2471.TW,資通
電子零組件,2472.TW,立隆電
其他電子,2474.TW,可成
電子零組件,2476.TW,鉅祥
其他電子,2477.TW,美隆電
電子零組件,2478.TW,大毅
資訊服務,2480.TW,敦陽科
半導體業,2481.TW,強茂
其他電子,2482.TW,連宇
電子零組件,2483.TW,百容
電子零組件,2484.TW,希華
通信網路,2485.TW,兆赫
光電業,2486.TW,一詮
其他電子,2488.TW,漢平
光電業,2489.TW,瑞軒
光電業,2491.TW,吉祥全
電子零組件,2492.TW,華新科
電子零組件,2493.TW,揚博
電腦及週邊,2495.TW,普安
其他類,2496.TW,卓越
汽車工業,2497.TW,怡利電
通信網路,2498.TW,宏達電
建材營造,2501.TW,國建
建材營造,2504.TW,國產
建材營造,2505.TW,國揚
建材營造,2506.TW,太設
建材營造,2509.TW,全坤建
建材營造,2511.TW,太子
其他類,2514.TW,龍邦
建材營造,2515.TW,中工
建材營造,2516.TW,新建
建材營造,2520.TW,冠德
建材營造,2524.TW,京城
建材營造,2527.TW,宏璟
建材營造,2528.TW,皇普
建材營造,2530.TW,華建
建材營造,2534.TW,宏盛
建材營造,2535.TW,達欣工
建材營造,2536.TW,宏普
建材營造,2537.TW,聯上發
建材營造,2538.TW,基泰
建材營造,2539.TW,櫻花建
建材營造,2540.TW,愛山林
建材營造,2542.TW,興富發
建材營造,2543.TW,皇昌
建材營造,2545.TW,皇翔
建材營造,2546.TW,根基
建材營造,2547.TW,日勝生
建材營造,2548.TW,華固
建材營造,2597.TW,潤弘
貿易百貨,2601.TW,益航
航運業,2603.TW,長榮
航運業,2605.TW,新興
航運業,2606.TW,裕民
航運業,2607.TW,榮運
航運業,2608.TW,嘉里大榮
航運業,2609.TW,陽明
航運業,2610.TW,華航
航運業,2611.TW,志信
航運業,2612.TW,中航
航運業,2613.TW,中櫃
其他類,2614.TW,東森
航運業,2615.TW,萬海
油電燃氣,2616.TW,山隆
航運業,2617.TW,台航
航運業,2618.TW,長榮航
航運業,2630.TW,亞航
航運業,2633.TW,台灣高鐵
航運業,2634.TW,漢翔
航運業,2636.TW,台驊控股
航運業,2637.TW,慧洋-KY
航運業,2642.TW,宅配通
航運業,2645.TW,長榮航太
航運業,2646.TW,星宇航空
觀光餐旅,2701.TW,萬企
觀光餐旅,2702.TW,華園
觀光餐旅,2704.TW,國賓
觀光餐旅,2705.TW,六福
觀光餐旅,2706.TW,第一店
觀光餐旅,2707.TW,晶華
觀光餐旅,2712.TW,遠雄來
觀光餐旅,2722.TW,夏都
觀光餐旅,2723.TW,美食-KY
觀光餐旅,2727.TW,王品
觀光餐旅,2731.TW,雄獅
觀光餐旅,2739.TW,寒舍
觀光餐旅,2748.TW,雲品
觀光餐旅,2753.TW,八方雲集
未分類 (37),2762.TW,世界健身-KY
金融保險,2801.TW,彰銀
金融保險,2812.TW,台中銀
金融保險,2816.TW,旺旺保
金融保險,2820.TW,華票
金融保險,2832.TW,台產
金融保險,2834.TW,臺企銀
金融保險,2836.TW,高雄銀
金融保險,2838.TW,聯邦銀
金融保險,2845.TW,遠東銀
金融保險,2849.TW,安泰銀
金融保險,2850.TW,新產
金融保險,2851.TW,中再保
金融保險,2852.TW,第一保
金融保險,2855.TW,統一證
金融保險,2867.TW,三商壽
金融保險,2880.TW,華南金
金融保險,2881.TW,富邦金
金融保險,2882.TW,國泰金
金融保險,2883.TW,凱基金
金融保險,2884.TW,玉山金
金融保險,2885.TW,元大金
金融保險,2886.TW,兆豐金
金融保險,2887.TW,台新新光金
金融保險,2889.TW,國票金
金融保險,2890.TW,永豐金
金融保險,2891.TW,中信金
金融保險,2892.TW,第一金
金融保險,2897.TW,王道銀行
貿易百貨,2901.TW,欣欣
貿易百貨,2903.TW,遠百
其他類,2904.TW,匯僑
貿易百貨,2905.TW,三商
貿易百貨,2906.TW,高林
貿易百貨,2908.TW,特力
貿易百貨,2910.TW,統領
貿易百貨,2911.TW,麗嬰房
貿易百貨,2912.TW,統一超
貿易百貨,2913.TW,農林
貿易百貨,2915.TW,潤泰全
建材營造,2923.TW,鼎固-KY
貿易百貨,2929.TW,淘帝-KY
貿易百貨,2939.TW,永邑-KY
貿易百貨,2945.TW,三商家購
電腦及週邊,3002.TW,歐格
電子零組件,3003.TW,健和興
鋼鐵工業,3004.TW,豐達科
電腦及週邊,3005.TW,神基
半導體業,3006.TW,晶豪科
光電業,3008.TW,大立光
電子通路,3010.TW,華立
電子零組件,3011.TW,今皓
電腦及週邊,3013.TW,晟銘電
半導體業,3014.TW,聯陽
電子零組件,3015.TW,全漢
半導體業,3016.TW,嘉晶
電腦及週邊,3017.TW,奇鋐
其他電子,3018.TW,隆銘綠能
光電業,3019.TW,亞光
電子零組件,3021.TW,鴻名
電腦及週邊,3022.TW,威強電
電子零組件,3023.TW,信邦
光電業,3024.TW,憶聲
通信網路,3025.TW,星通
電子零組件,3026.TW,禾伸堂
通信網路,3027.TW,盛達
電子通路,3028.TW,增你強
資訊服務,3029.TW,零壹
其他電子,3030.TW,德律
光電業,3031.TW,佰鴻
電子零組件,3032.TW,偉訓
電子通路,3033.TW,威健
半導體業,3034.TW,聯詠
半導體業,3035.TW,智原
電子通路,3036.TW,文曄
電子零組件,3037.TW,欣興
光電業,3038.TW,全台
其他類,3040.TW,遠見
半導體業,3041.TW,揚智
電子零組件,3042.TW,晶技
其他電子,3043.TW,科風
電子零組件,3044.TW,健鼎
通信網路,3045.TW,台灣大
電腦及週邊,3046.TW,建碁
通信網路,3047.TW,訊舟
電子通路,3048.TW,益登
光電業,3049.TW,精金
光電業,3050.TW,鈺德
光電業,3051.TW,力特
建材營造,3052.TW,夆典
食品工業,3054.TW,立萬利
電子通路,3055.TW,蔚華科
建材營造,3056.TW,富華新
電腦及週邊,3057.TW,喬鼎
電子零組件,3058.TW,立德
光電業,3059.TW,華晶科
電腦及週邊,3060.TW,銘異
通信網路,3062.TW,建漢
電子零組件,3090.TW,日電貿
電子零組件,3092.TW,鴻碩
半導體業,3094.TW,聯傑
未分類 (36),3130.TW,一零四
半導體業,3135.TW,凌航
通信網路,3138.TW,耀登
光電業,3149.TW,正達
半導體業,3150.TW,鈺寶-創
生技醫療,3164.TW,景岳
電機機械,3167.TW,大量
光電業,3168.TW,眾福科
半導體業,3189.TW,景碩
電子通路,3209.TW,全科
電子零組件,3229.TW,晟鈦
電腦及週邊,3231.TW,緯創
半導體業,3257.TW,虹冠電
建材營造,3266.TW,昇陽
電子零組件,3296.TW,勝德
其他電子,3305.TW,昇貿
電子零組件,3308.TW,聯德
通信網路,3311.TW,閎暉
電子通路,3312.TW,弘憶股
電子零組件,3321.TW,同泰
電子零組件,3338.TW,泰碩
汽車工業,3346.TW,麗清
光電業,3356.TW,奇偶
電子零組件,3376.TW,新日興
通信網路,3380.TW,明泰
光電業,3406.TW,玉晶光
半導體業,3413.TW,京鼎
電腦及週邊,3416.TW,融程電
通信網路,3419.TW,譁裕
電子零組件,3432.TW,台端
光電業,3437.TW,榮創
半導體業,3443.TW,創意
通信網路,3447.TW,展達
半導體業,3450.TW,聯鈞
光電業,3481.TW,群創
電腦及週邊,3494.TW,誠研
電子零組件,3501.TW,維熹
光電業,3504.TW,揚明光
電腦及週邊,3515.TW,華擎
其他電子,3518.TW,柏騰
電子通路,3528.TW,安馳
半導體業,3530.TW,晶相光
半導體業,3532.TW,台勝科
電子零組件,3533.TW,嘉澤
光電業,3535.TW,晶彩科
光電業,3543.TW,州巧
半導體業,3545.TW,敦泰
電子零組件,3550.TW,聯穎
未分類 (38),3557.TW,嘉威
光電業,3563.TW,牧德
光電業,3576.TW,聯合再生
半導體業,3583.TW,辛耘
半導體業,3588.TW,通嘉
光電業,3591.TW,艾笛森
半導體業,3592.TW,瑞鼎
電子零組件,3593.TW,力銘
通信網路,3596.TW,智易
電子零組件,3605.TW,宏致
電子零組件,3607.TW,谷崧
其他電子,3617.TW,碩天
光電業,3622.TW,洋華
電子零組件,3645.TW,達邁
電腦及週邊,3652.TW,精聯
電子零組件,3653.TW,健策
半導體業,3661.TW,世芯-KY
其他電子,3665.TW,貿聯-KY
通信網路,3669.TW,圓展
光電業,3673.TW,TPK-KY
電子零組件,3679.TW,新至陞
半導體業,3686.TW,達能
通信網路,3694.TW,海華
電腦及週邊,3701.TW,大眾控
電子通路,3702.TW,大聯大
建材營造,3703.TW,欣陸
通信網路,3704.TW,合勤控
生技醫療,3705.TW,永信
電腦及週邊,3706.TW,神達
未分類 (35),3708.TW,上緯投控
半導體業,3711.TW,日月光投控
電腦及週邊,3712.TW,永崴投控
光電業,3714.TW,富采
電子零組件,3715.TW,定穎投控
生技醫療,3716.TW,中化控股
汽車工業,3717.TW,聯嘉投控
生技醫療,4104.TW,佳醫
生技醫療,4106.TW,雃博
生技醫療,4108.TW,懷特
生技醫療,4119.TW,旭富
生技醫療,4133.TW,亞諾法
生技醫療,4137.TW,麗豐-KY
生技醫療,4142.TW,國光生
生技醫療,4148.TW,全宇生技-KY
生技醫療,4155.TW,訊映
生技醫療,4164.TW,承業醫
生技醫療,4169.TW,泰宗
生技醫療,4190.TW,佐登-KY
塑膠工業,4306.TW,炎洲
紡織纖維,4414.TW,如興
紡織纖維,4426.TW,利勤
紡織纖維,4438.TW,廣越
紡織纖維,4439.TW,冠星-KY
紡織纖維,4440.TW,宜新實業
紡織纖維,4441.TW,振大環球
電機機械,4526.TW,東台
電機機械,4532.TW,瑞智
未分類 (37),4536.TW,拓凱
電機機械,4540.TW,全球傳動
電子零組件,4545.TW,銘鈺
汽車工業,4551.TW,智伸科
電機機械,4552.TW,力達-KY
電機機械,4555.TW,氣立
汽車工業,4557.TW,永新-KY
電機機械,4560.TW,強信-KY
電機機械,4562.TW,穎漢
電機機械,4564.TW,元翎
電機機械,4566.TW,時碩工業
汽車工業,4569.TW,六方科-KY
電機機械,4571.TW,鈞興-KY
電機機械,4572.TW,駐龍
電機機械,4576.TW,大銀微系統
汽車工業,4581.TW,光隆精密-KY
電機機械,4583.TW,台灣精銳
其他電子,4585.TW,達明
其他電子,4588.TW,玖鼎電力
電機機械,4590.TW,富田-創
化學工業,4720.TW,德淵
化學工業,4722.TW,國精化
生技醫療,4736.TW,泰博
生技醫療,4737.TW,華廣
化學工業,4739.TW,康普
生技醫療,4746.TW,台耀
化學工業,4755.TW,三福化
化學工業,4763.TW,材料*-KY
化學工業,4764.TW,雙鍵
化學工業,4766.TW,南寶
化學工業,4770.TW,上品
生技醫療,4771.TW,望隼
貿易百貨,4807.TW,日成-KY
通信網路,4904.TW,遠傳
通信網路,4906.TW,正文
電子零組件,4912.TW,聯德控股-KY
電子零組件,4915.TW,致伸
電腦及週邊,4916.TW,事欣科
半導體業,4919.TW,新唐
電子零組件,4927.TW,泰鼎-KY
電器電纜,4930.TW,燦星網
光電業,4934.TW,太極
光電業,4935.TW,茂林-KY
電腦及週邊,4938.TW,和碩
光電業,4942.TW,嘉彰
電子零組件,4943.TW,康控-KY
光電業,4949.TW,有成精密
半導體業,4952.TW,凌通
光電業,4956.TW,光鋐
電子零組件,4958.TW,臻鼎-KY
光電業,4960.TW,誠美材
半導體業,4961.TW,天鈺
半導體業,4967.TW,十銓
半導體業,4968.TW,立積
光電業,4976.TW,佳凌
通信網路,4977.TW,眾達-KY
電子零組件,4989.TW,榮科
資訊服務,4994.TW,傳奇
電子零組件,4999.TW,鑫禾
鋼鐵工業,5007.TW,三星
資訊服務,5203.TW,訊連
電腦及週邊,5215.TW,科嘉-KY
半導體業,5222.TW,全訊
其他電子,5225.TW,東科-KY
光電業,5234.TW,達興材料
光電業,5243.TW,乙盛-KY
光電業,5244.TW,弘凱
電腦及週邊,5258.TW,虹堡
半導體業,5269.TW,祥碩
電器電纜,5283.TW,禾聯碩
其他類,5284.TW,jpp-KY
半導體業,5285.TW,界霖
電機機械,5288.TW,豐祥-KY
未分類 (35),5292.TW,華懋
未分類 (37),5306.TW,桂盟
通信網路,5388.TW,中磊
電子通路,5434.TW,崇越
電子零組件,5469.TW,瀚宇博
半導體業,5471.TW,松翰
光電業,5484.TW,慧友
建材營造,5515.TW,建國
建材營造,5519.TW,隆大
建材營造,5521.TW,工信
建材營造,5522.TW,遠雄
建材營造,5525.TW,順天
建材營造,5531.TW,鄉林
建材營造,5533.TW,皇鼎
建材營造,5534.TW,長虹
鋼鐵工業,5538.TW,東明-KY
建材營造,5546.TW,永固-KY
航運業,5607.TW,遠雄港
航運業,5608.TW,四維航
觀光餐旅,5706.TW,鳳凰
其他類,5871.TW,中租-KY
金融保險,5876.TW,上海商銀
金融保險,5880.TW,合庫金
貿易百貨,5906.TW,台南-KY
貿易百貨,5907.TW,大洋-KY
金融保險,6005.TW,群益證
金融保險,6024.TW,群益期
電子零組件,6108.TW,競國
資訊服務,6112.TW,邁達特
電子零組件,6115.TW,鎰勝
光電業,6116.TW,彩晶
電腦及週邊,6117.TW,迎廣
光電業,6120.TW,達運
電腦及週邊,6128.TW,上福
電子零組件,6133.TW,金橋
通信網路,6136.TW,富爾特
其他電子,6139.TW,亞翔
電子零組件,6141.TW,柏承
通信網路,6142.TW,友勁
通信網路,6152.TW,百一
電子零組件,6153.TW,嘉聯益
電子零組件,6155.TW,鈞寶
光電業,6164.TW,華興
未分類 (36),6165.TW,浪凡
電腦及週邊,6166.TW,凌華
光電業,6168.TW,宏齊
光電業,6176.TW,瑞儀
建材營造,6177.TW,達麗
資訊服務,6183.TW,關貿
其他類,6184.TW,大豐電
電子通路,6189.TW,豐藝
電子零組件,6191.TW,精成科
其他電子,6192.TW,巨路
其他電子,6196.TW,帆宣
電子零組件,6197.TW,佳必琪
其他電子,6201.TW,亞弘電
半導體業,6202.TW,盛群
電子零組件,6205.TW,詮欣
電腦及週邊,6206.TW,飛捷
光電業,6209.TW,今國光
電子零組件,6213.TW,聯茂
資訊服務,6214.TW,精誠
其他電子,6215.TW,和椿
通信網路,6216.TW,居易
電子零組件,6224.TW,聚鼎
光電業,6225.TW,天瀚
光電業,6226.TW,光鼎
電腦及週邊,6230.TW,尼得科超眾
電腦及週邊,6235.TW,華孚
半導體業,6239.TW,力成
半導體業,6243.TW,迅杰
半導體業,6257.TW,矽格
電子零組件,6269.TW,台郡
半導體業,6271.TW,同欣電
電子零組件,6272.TW,驊陞
電腦及週邊,6277.TW,宏正
光電業,6278.TW,台表科
電子通路,6281.TW,全國電
電子零組件,6282.TW,康舒
其他電子,6283.TW,淳安
通信網路,6285.TW,啟碁
光電業,6405.TW,悅城
其他電子,6409.TW,旭隼
電子零組件,6412.TW,群電
電腦及週邊,6414.TW,樺漢
半導體業,6415.TW,矽力*-KY
通信網路,6416.TW,瑞祺電通
通信網路,6426.TW,統新
生技醫療,6431.TW,光麗-KY
其他電子,6438.TW,迅得
通信網路,6442.TW,光聖
光電業,6443.TW,元晶
生技醫療,6446.TW,藥華藥
電子零組件,6449.TW,鈺邦
半導體業,6451.TW,訊芯-KY
光電業,6456.TW,GIS-KY
其他類,6464.TW,台數科
生技醫療,6472.TW,保瑞
光電業,6477.TW,安集
生技醫療,6491.TW,晶碩
其他類,6504.TW,南六
油電燃氣,6505.TW,台塑化
半導體業,6515.TW,穎崴
半導體業,6525.TW,捷敏-KY
半導體業,6526.TW,達發
半導體業,6531.TW,愛普*
半導體業,6533.TW,晶心科
生技醫療,6534.TW,正瀚-創
生技醫療,6541.TW,泰福-KY
生技醫療,6550.TW,北極星藥業-KY
半導體業,6552.TW,易華電
其他電子,6558.TW,興能高
半導體業,6573.TW,虹揚-KY
電腦及週邊,6579.TW,研揚
未分類 (35),6581.TW,鋼聯
橡膠工業,6582.TW,申豐
其他類,6585.TW,鼎基
生技醫療,6589.TW,台康生技
電腦及週邊,6591.TW,動力-KY
其他類,6592.TW,和潤企業
生技醫療,6598.TW,ABC-KY
汽車工業,6605.TW,帝寶
電機機械,6606.TW,建德工業
未分類 (36),6614.TW,資拓宏宇
其他類,6625.TW,必應
未分類 (35),6641.TW,基士德-KY
生技醫療,6645.TW,金萬林-創
其他類,6655.TW,科定
生技醫療,6657.TW,華安
其他電子,6658.TW,聯策
生技醫療,6666.TW,羅麗芬-KY
光電業,6668.TW,中揚光
電腦及週邊,6669.TW,緯穎
未分類 (37),6670.TW,復盛應用
未分類 (38),6671.TW,三能-KY
電子零組件,6672.TW,騰輝電子-KY
通信網路,6674.TW,鋐寶科技
未分類 (36),6689.TW,伊雲谷
其他電子,6691.TW,洋基工程
半導體業,6695.TW,芯鼎
其他電子,6698.TW,旭暉應材
光電業,6706.TW,惠特
電子零組件,6715.TW,嘉基
半導體業,6719.TW,力智
其他電子,6722.TW,輝創
光電業,6742.TW,澤米
其他電子,6743.TW,安普新
航運業,6753.TW,龍德造船
未分類 (38),6754.TW,匯僑設計
半導體業,6756.TW,威鋒電子
航運業,6757.TW,台灣虎航
未分類 (37),6768.TW,志強-KY
半導體業,6770.TW,力積電
未分類 (35),6771.TW,平和環保-創
電子通路,6776.TW,展碁國際
電子零組件,6781.TW,AES-KY
生技醫療,6782.TW,視陽
半導體業,6789.TW,采鈺
造紙工業,6790.TW,永豐實
通信網路,6792.TW,詠業
生技醫療,6794.TW,向榮生技
生技醫療,6796.TW,晉弘
半導體業,6799.TW,來頡
電子零組件,6805.TW,富世達
未分類 (35),6806.TW,森崴能源
未分類 (38),6807.TW,峰源-KY
其他電子,6830.TW,汎銓
電腦及週邊,6831.TW,邁科
電子零組件,6834.TW,天二科技
電子零組件,6835.TW,圓裕
生技醫療,6838.TW,台新藥
半導體業,6854.TW,錼創科技-KY創
生技醫療,6861.TW,睿生光電
電子零組件,6862.TW,三集瑞-KY
通信網路,6863.TW,永道-KY
未分類 (35),6869.TW,雲豹能源
未分類 (35),6873.TW,泓德能源
生技醫療,6885.TW,全福生技
未分類 (35),6887.TW,寶綠特-KY
未分類 (37),6890.TW,來億-KY
其他類,6901.TW,鑽石投資
未分類 (36),6902.TW,GOGOLOOK
未分類 (36),6906.TW,現觀科
電子通路,6908.TW,宏碁遊戲-創
半導體業,6909.TW,創控
其他類,6914.TW,阜爾運通
光電業,6916.TW,華凌
生技醫療,6918.TW,愛派司
生技醫療,6919.TW,康霈*
半導體業,6921.TW,嘉雨思-創
未分類 (35),6923.TW,中台
電子零組件,6924.TW,榮惠-KY創
電腦及週邊,6928.TW,攸泰科技
生技醫療,6931.TW,青松健康
電腦及週邊,6933.TW,AMAX-KY
生技醫療,6934.TW,心誠鎂
生技醫療,6936.TW,永鴻生技
半導體業,6937.TW,天虹
未分類 (35),6944.TW,兆聯實業
生技醫療,6949.TW,沛爾生醫-創
未分類 (35),6951.TW,青新-創
其他類,6952.TW,大武山
生技醫療,6955.TW,邦睿生技-創
其他類,6957.TW,裕慶-KY
其他類,6958.TW,日盛台駿
半導體業,6962.TW,奕力-KY
未分類 (37),6965.TW,中傑-KY
未分類 (35),6969.TW,成信實業*-創
汽車工業,6988.TW,威力暘-創
未分類 (35),6994.TW,富威電力
未分類 (35),7610.TW,聯友金屬-創
其他電子,7631.TW,聚賢研發-創
觀光餐旅,7705.TW,三商餐飲
電腦及週邊,7711.TW,永擎
未分類 (36),7721.TW,微程式
未分類 (36),7722.TW,LINEPAY
半導體業,7730.TW,暉盛-創
汽車工業,7732.TW,金興精密
汽車工業,7736.TW,虎山
未分類 (35),7740.TW,熙特爾-創
半導體業,7749.TW,意騰-KY
電機機械,7750.TW,新代
未分類 (36),7765.TW,中華資安
半導體業,7769.TW,鴻勁
食品工業,7780.TW,大研生醫*
未分類 (35),7786.TW,東方風能
電子零組件,7788.TW,松川精密
食品工業,7791.TW,皇家可口
電子零組件,7795.TW,長廣
生技醫療,7799.TW,禾榮科
汽車工業,7821.TW,神數
半導體業,7822.TW,倍利科
未分類 (36),7823.TW,奧義賽博-KY創
通信網路,8011.TW,台通
半導體業,8016.TW,矽創
其他電子,8021.TW,尖點
半導體業,8028.TW,昇陽半導體
其他類,8033.TW,雷虎
電子零組件,8039.TW,台虹
通信網路,8045.TW,達運光電
電子零組件,8046.TW,南電
電子通路,8070.TW,長華*
電子通路,8072.TW,陞泰
半導體業,8081.TW,致新
通信網路,8101.TW,華冠
電子零組件,8103.TW,瀚荃
光電業,8104.TW,錸寶
光電業,8105.TW,凌巨
半導體業,8110.TW,華東
電子通路,8112.TW,至上
電腦及週邊,8114.TW,振樺電
半導體業,8131.TW,福懋科
半導體業,8150.TW,南茂
半導體業,8162.TW,微矽電子-創
電腦及週邊,8163.TW,達方
其他電子,8201.TW,無敵
電腦及週邊,8210.TW,勤誠
電子零組件,8213.TW,志超
光電業,8215.TW,明基材
電機機械,8222.TW,寶一
電子零組件,8249.TW,菱光
半導體業,8261.TW,富鼎
半導體業,8271.TW,宇瞻
未分類 (35),8341.TW,日友
航運業,8367.TW,建新國際
電機機械,8374.TW,羅昇
其他類,8404.TW,百和興業-KY
其他類,8411.TW,福貞-KY
未分類 (35),8422.TW,可寧衛*
貿易百貨,8429.TW,金麗-KY
未分類 (35),8438.TW,昶昕
其他類,8442.TW,威宏-KY
貿易百貨,8443.TW,阿瘦
未分類 (36),8454.TW,富邦媒
未分類 (37),8462.TW,柏文
其他類,8463.TW,潤泰材
未分類 (38),8464.TW,億豐
其他類,8466.TW,美吉吉-KY
未分類 (37),8467.TW,波力-KY
未分類 (35),8473.TW,山林水
未分類 (35),8476.TW,台境*
未分類 (37),8478.TW,東哥遊艇
其他類,8481.TW,政伸
未分類 (38),8482.TW,商億-KY
未分類 (36),8487.TW,愛爾達-創
其他類,8488.TW,吉源-KY
其他電子,8499.TW,鼎炫-KY
油電燃氣,8926.TW,台汽電
觀光餐旅,8940.TW,新天地
電機機械,8996.TW,高力
未分類 (91),9103.TW,美德醫療-DR
未分類 (91),9105.TW,泰金寶-DR
未分類 (91),9110.TW,越南控-DR
未分類 (91),9136.TW,巨騰-DR
未分類 (37),9802.TW,鈺齊-KY
其他類,9902.TW,台火
未分類 (37),9904.TW,寶成
其他類,9905.TW,大華
建材營造,9906.TW,欣巴巴
其他類,9907.TW,統一實
油電燃氣,9908.TW,大台北
未分類 (37),9910.TW,豐泰
未分類 (38),9911.TW,櫻花
電腦及週邊,9912.TW,偉聯
未分類 (37),9914.TW,美利達
其他類,9917.TW,中保科
油電燃氣,9918.TW,欣天然
其他類,9919.TW,康那香
未分類 (37),9921.TW,巨大
未分類 (38),9924.TW,福興
其他類,9925.TW,新保
油電燃氣,9926.TW,新海
其他類,9927.TW,泰銘
其他類,9928.TW,中視
其他類,9929.TW,秋雨
未分類 (35),9930.TW,中聯資源
油電燃氣,9931.TW,欣高
其他類,9933.TW,中鼎
未分類 (38),9934.TW,成霖
未分類 (38),9935.TW,慶豐富
油電燃氣,9937.TW,全國
其他類,9938.TW,百和
其他類,9939.TW,宏全
其他類,9940.TW,信義
其他類,9941.TW,裕融
其他類,9942.TW,茂順
觀光餐旅,9943.TW,好樂迪
其他類,9944.TW,新麗
其他類,9945.TW,潤泰新
建材營造,9946.TW,三發地產
未分類 (35),9955.TW,佳龍
鋼鐵工業,9958.TW,世紀鋼
